Date,Open,High,Low,Close,Adj_Close,Volume,Event
2017-02-28,1180.719970703125,1193.25,1171.8199462890625,1179.969970703125,1179.969970703125,184956000,
2017-03-01,1180.0400390625,1222.5,1179.68994140625,1222.5,1222.5,229056992,
2017-03-02,1224.6800537109375,1262.1300048828125,1215.6199951171875,1251.010009765625,1251.010009765625,368275008,
2017-03-03,1250.7099609375,1280.31005859375,1250.7099609375,1274.989990234375,1274.989990234375,315739008,
2017-03-04,1277.4300537109375,1279.4000244140625,1230.510009765625,1255.1500244140625,1255.1500244140625,183270000,
2017-03-05,1254.2900390625,1267.2900390625,1238.06005859375,1267.1199951171875,1267.1199951171875,134127000,
2017-03-06,1267.469970703125,1276.0,1264.5999755859375,1272.8299560546875,1272.8299560546875,153656992,
2017-03-07,1273.2099609375,1275.550048828125,1204.800048828125,1223.5400390625,1223.5400390625,291256000,
2017-03-08,1223.22998046875,1232.1600341796875,1148.0799560546875,1150.0,1150.0,332603008,
2017-03-09,1150.3499755859375,1197.4599609375,1141.22998046875,1188.489990234375,1188.489990234375,212283008,
2017-03-10,1189.3599853515625,1270.469970703125,1077.25,1116.719970703125,1116.719970703125,563795968, SEC denies Winklevoss' ETF request.
2017-03-11,1116.3199462890625,1193.8299560546875,1116.3199462890625,1175.8299560546875,1175.8299560546875,283320000,
2017-03-12,1176.6199951171875,1226.97998046875,1175.3599853515625,1221.3800048828125,1221.3800048828125,227176000,
2017-03-13,1221.780029296875,1237.3699951171875,1217.030029296875,1231.9200439453125,1231.9200439453125,380276992,
2017-03-14,1232.1600341796875,1244.81005859375,1220.719970703125,1240.0,1240.0,245306000,
2017-03-15,1240.1600341796875,1251.6099853515625,1239.75,1249.6099853515625,1249.6099853515625,297804992,
2017-03-16,1251.3299560546875,1257.97998046875,1152.43994140625,1187.81005859375,1187.81005859375,638568000,
2017-03-17,1180.1600341796875,1180.1600341796875,1099.5699462890625,1100.22998046875,1100.22998046875,706598976,
2017-03-18,1099.68994140625,1114.0699462890625,957.655029296875,973.8179931640625,973.8179931640625,621302016,
2017-03-19,976.72998046875,1069.9100341796875,976.72998046875,1036.739990234375,1036.739990234375,406648000,
2017-03-20,1037.239990234375,1063.030029296875,1036.6800537109375,1054.22998046875,1054.22998046875,286529984,
2017-03-22,1120.6500244140625,1120.6500244140625,1014.2100219726562,1049.1400146484375,1049.1400146484375,380840992,
2017-03-23,1050.050048828125,1058.010009765625,1028.9300537109375,1038.5899658203125,1038.5899658203125,248540000,
2017-03-24,1038.449951171875,1040.469970703125,934.35797119140625,937.52001953125,937.52001953125,491038016,
2017-03-25,936.53997802734375,975.760986328125,903.7130126953125,972.77899169921875,972.77899169921875,435803008,
2017-03-26,974.0150146484375,1007.9600219726562,954.18597412109375,966.7249755859375,966.7249755859375,303668000,
2017-03-27,972.05499267578125,1046.4000244140625,971.9840087890625,1045.77001953125,1045.77001953125,372535008,
2017-03-28,1044.5799560546875,1064.6500244140625,1027.72998046875,1047.1500244140625,1047.1500244140625,326332000,
2017-03-29,1046.0799560546875,1055.1300048828125,1015.8800048828125,1039.969970703125,1039.969970703125,298457984,
2017-03-30,1042.2099609375,1049.2900390625,1020.0399780273438,1026.4300537109375,1026.4300537109375,352968992,
2017-03-31,1026.6400146484375,1074.9200439453125,1026.6400146484375,1071.7900390625,1071.7900390625,447287008,
2017-04-01,1071.7099609375,1091.719970703125,1061.0899658203125,1080.5,1080.5,289633984, Japan recognizes Bitcoin as a currency.
2017-04-02,1080.6099853515625,1107.5899658203125,1075.449951171875,1102.1700439453125,1102.1700439453125,514187008,
2017-04-03,1102.949951171875,1151.739990234375,1102.949951171875,1143.81005859375,1143.81005859375,580444032,
2017-04-04,1145.52001953125,1156.43994140625,1120.52001953125,1133.25,1133.25,436310016,
2017-04-05,1134.1400146484375,1135.0899658203125,1113.6300048828125,1124.780029296875,1124.780029296875,414784000,
2017-04-06,1125.81005859375,1188.3699951171875,1125.81005859375,1182.6800537109375,1182.6800537109375,511222016,
2017-04-07,1178.93994140625,1186.5799560546875,1163.3900146484375,1176.9000244140625,1176.9000244140625,317022016,
2017-04-08,1172.6500244140625,1184.97998046875,1162.5799560546875,1175.949951171875,1175.949951171875,209312000,
2017-04-09,1176.5699462890625,1197.2099609375,1171.8599853515625,1187.8699951171875,1187.8699951171875,242343008,
2017-04-10,1187.300048828125,1190.3399658203125,1179.0400390625,1187.1300048828125,1187.1300048828125,215883008,
2017-04-11,1187.4599609375,1208.0699462890625,1187.4599609375,1205.010009765625,1205.010009765625,216182000,
2017-09-19,4073.7900390625,4094.070068359375,3868.8701171875,3924.969970703125,3924.969970703125,1563980032,
2017-09-20,3916.360107421875,4031.389892578125,3857.72998046875,3905.949951171875,3905.949951171875,1213830016,
2017-09-21,3901.469970703125,3916.419921875,3613.6298828125,3631.0400390625,3631.0400390625,1411480064,
2017-09-22,3628.02001953125,3758.27001953125,3553.530029296875,3630.699951171875,3630.699951171875,1194829952,
2017-09-23,3629.919921875,3819.2099609375,3594.580078125,3792.39990234375,3792.39990234375,928113984,
2017-09-24,3796.14990234375,3796.14990234375,3666.89990234375,3682.840087890625,3682.840087890625,768014976,
2017-09-25,3681.580078125,3950.25,3681.580078125,3926.070068359375,3926.070068359375,1374210048,
2017-09-26,3928.409912109375,3969.889892578125,3869.89990234375,3892.35009765625,3892.35009765625,1043740032,
2017-09-27,3892.93994140625,4210.0498046875,3884.820068359375,4200.669921875,4200.669921875,1686880000,
2017-09-28,4197.1298828125,4279.31005859375,4109.7001953125,4174.72998046875,4174.72998046875,1712320000,
2017-09-29,4171.6201171875,4214.6298828125,4039.2900390625,4163.06982421875,4163.06982421875,1367049984, Japan’s Financial Services Agency (FSA) starts recognizing registered cryptocurrency exchanges.
2017-09-30,4166.10986328125,4358.43017578125,4160.85986328125,4338.7099609375,4338.7099609375,1207449984,
2017-10-01,4341.0498046875,4403.740234375,4269.81005859375,4403.740234375,4403.740234375,1208210048,
2017-10-02,4395.81005859375,4470.22998046875,4377.4599609375,4409.31982421875,4409.31982421875,1431730048,
2017-10-03,4408.4599609375,4432.47021484375,4258.89013671875,4317.47998046875,4317.47998046875,1288019968,
2017-10-04,4319.3701171875,4352.31005859375,4210.419921875,4229.35986328125,4229.35986328125,1116770048,
2017-10-05,4229.8798828125,4362.64013671875,4164.0498046875,4328.41015625,4328.41015625,1161769984,
2017-10-06,4324.4599609375,4413.27001953125,4320.52978515625,4370.81005859375,4370.81005859375,1069939968,
2017-10-07,4369.35009765625,4443.8798828125,4321.0498046875,4426.89013671875,4426.89013671875,906928000,
2017-10-08,4429.669921875,4624.14013671875,4405.64013671875,4610.47998046875,4610.47998046875,1313869952,
2017-10-09,4614.52001953125,4878.7099609375,4564.25,4772.02001953125,4772.02001953125,1968739968,
2017-11-30,9906.7900390625,10801.0,9202.0498046875,10233.599609375,10233.599609375,8310689792,
2017-12-01,10198.599609375,11046.7001953125,9694.650390625,10975.599609375,10975.599609375,6783119872,
2017-12-02,10978.2998046875,11320.2001953125,10905.099609375,11074.599609375,11074.599609375,5138500096,
2017-12-03,11082.7001953125,11858.7001953125,10862.0,11323.2001953125,11323.2001953125,6608309760,
2017-12-04,11315.400390625,11657.2001953125,11081.7998046875,11657.2001953125,11657.2001953125,6132409856,
2017-12-05,11685.7001953125,12032.0,11604.599609375,11916.7001953125,11916.7001953125,6895260160,
2017-12-06,11923.400390625,14369.099609375,11923.400390625,14291.5,14291.5,12656300032,
2017-12-07,14266.099609375,17899.69921875,14057.2998046875,17899.69921875,17899.69921875,17950699520,
2017-12-08,17802.900390625,18353.400390625,14336.900390625,16569.400390625,16569.400390625,21135998976,
2017-12-09,16523.30078125,16783.0,13674.900390625,15178.2001953125,15178.2001953125,13911300096,
2017-12-10,15168.400390625,15850.599609375,13226.599609375,15455.400390625,15455.400390625,13433299968,CBOE get approval for Bitcoin futures.
2017-12-11,15427.400390625,17513.900390625,15404.7998046875,16936.80078125,16936.80078125,12153900032, SEC's Jay Clayton states Bitcoin isn't a financial security.
2017-12-12,16919.80078125,17781.80078125,16571.599609375,17415.400390625,17415.400390625,14603799552,
2017-12-13,17500.0,17653.099609375,16039.7001953125,16408.19921875,16408.19921875,12976900096,
2017-12-14,16384.599609375,17085.80078125,16185.900390625,16564.0,16564.0,13777399808,
2017-12-15,16601.30078125,18154.099609375,16601.30078125,17706.900390625,17706.900390625,14309999616,
2017-12-16,17760.30078125,19716.69921875,17515.30078125,19497.400390625,19497.400390625,12740599808,
2017-12-17,19475.80078125,20089.0,18974.099609375,19140.80078125,19140.80078125,13314599936, CME get approval for Bitcoin futures.
2017-12-18,19106.400390625,19371.0,18355.900390625,19114.19921875,19114.19921875,14839499776,
2017-12-19,19118.30078125,19177.80078125,17275.400390625,17776.69921875,17776.69921875,16894499840,
2017-12-20,17760.30078125,17934.69921875,16077.7001953125,16624.599609375,16624.599609375,22149699584,
2017-12-21,16642.400390625,17567.69921875,15342.7001953125,15802.900390625,15802.900390625,16516599808,
2017-12-22,15898.0,15943.400390625,11833.0,13831.7998046875,13831.7998046875,22197999616,
2017-12-23,13948.7001953125,15603.2001953125,13828.7998046875,14699.2001953125,14699.2001953125,13086000128,
2017-12-24,14608.2001953125,14626.0,12747.7001953125,13925.7998046875,13925.7998046875,11572299776,
2017-12-25,13995.900390625,14593.0,13448.900390625,14026.599609375,14026.599609375,10664699904,
2017-12-26,14036.599609375,16461.19921875,14028.900390625,16099.7998046875,16099.7998046875,13454300160,
2017-12-27,16163.5,16930.900390625,15114.2998046875,15838.5,15838.5,12487600128,
2018-02-10,8720.080078125,9122.5498046875,8295.4697265625,8621.900390625,8621.900390625,7780960256,
2018-02-11,8616.1298828125,8616.1298828125,7931.10009765625,8129.97021484375,8129.97021484375,6122189824,
2018-02-12,8141.43017578125,8985.919921875,8141.43017578125,8926.5703125,8926.5703125,6256439808,
2018-02-13,8926.7197265625,8958.4697265625,8455.41015625,8598.3095703125,8598.3095703125,5696719872,
2018-02-14,8599.919921875,9518.5400390625,8599.919921875,9494.6298828125,9494.6298828125,7909819904,
2018-02-15,9488.3203125,10234.7998046875,9395.580078125,10166.400390625,10166.400390625,9062540288,
2018-02-16,10135.7001953125,10324.099609375,9824.8203125,10233.900390625,10233.900390625,7296159744,
2018-02-17,10207.5,11139.5,10149.400390625,11112.7001953125,11112.7001953125,8660880384,
2018-02-18,11123.400390625,11349.7998046875,10326.0,10551.7998046875,10551.7998046875,8744009728,
2018-02-19,10552.599609375,11273.7998046875,10513.2001953125,11225.2998046875,11225.2998046875,7652089856,
2018-02-20,11231.7998046875,11958.5,11231.7998046875,11403.7001953125,11403.7001953125,9926540288," Germany’s financial regulator, BaFin, provides guidance on ICOs."
2018-02-21,11372.2001953125,11418.5,10479.099609375,10690.400390625,10690.400390625,9405339648,
2018-02-22,10660.400390625,11039.099609375,9939.08984375,10005.0,10005.0,8040079872,
2018-02-23,9937.0703125,10487.2998046875,9734.5595703125,10301.099609375,10301.099609375,7739500032,
2018-02-24,10287.7001953125,10597.2001953125,9546.9697265625,9813.0703125,9813.0703125,6917929984,
2018-02-25,9796.419921875,9923.2197265625,9407.0595703125,9664.73046875,9664.73046875,5706939904,
2018-02-26,9669.4296875,10475.0,9501.73046875,10366.7001953125,10366.7001953125,7287690240,
2018-02-27,10393.900390625,10878.5,10246.099609375,10725.599609375,10725.599609375,6966179840,
2018-02-28,10687.2001953125,11089.7998046875,10393.099609375,10397.900390625,10397.900390625,6936189952,
2018-03-01,10385.0,11052.2998046875,10352.7001953125,10951.0,10951.0,7317279744,
2018-03-02,10977.400390625,11189.0,10850.099609375,11086.400390625,11086.400390625,7620590080,
2018-03-26,8498.4697265625,8530.080078125,7921.43017578125,8209.400390625,8209.400390625,5921039872,
2018-03-27,8200.0,8232.7802734375,7797.27978515625,7833.0400390625,7833.0400390625,5378250240,
2018-03-28,7836.830078125,8122.89013671875,7809.169921875,7954.47998046875,7954.47998046875,4935289856,
2018-03-29,7979.06982421875,7994.330078125,7081.3798828125,7165.7001953125,7165.7001953125,6361229824,
2018-03-30,7171.4501953125,7276.66015625,6683.93017578125,6890.52001953125,6890.52001953125,6289509888,
2018-03-31,6892.47998046875,7207.85009765625,6863.52001953125,6973.52978515625,6973.52978515625,4553269760,
2018-04-01,7003.06005859375,7060.9501953125,6526.8701171875,6844.22998046875,6844.22998046875,4532100096,
2018-04-02,6844.85986328125,7135.47021484375,6816.580078125,7083.7998046875,7083.7998046875,4333440000,
2018-04-03,7102.259765625,7530.93994140625,7072.490234375,7456.10986328125,7456.10986328125,5499700224,
2018-04-04,7456.41015625,7469.8798828125,6803.8798828125,6853.83984375,6853.83984375,4936000000,
2018-04-05,6848.64990234375,6933.81982421875,6644.7998046875,6811.47021484375,6811.47021484375,5639320064, India's Reserve Bank prohibits banks from serving crypto businesses.
2018-04-06,6815.9599609375,6857.490234375,6575.0,6636.31982421875,6636.31982421875,3766810112,
2018-04-07,6630.509765625,7050.5400390625,6630.509765625,6911.08984375,6911.08984375,3976610048,
2018-04-08,6919.97998046875,7111.56005859375,6919.97998046875,7023.52001953125,7023.52001953125,3652499968,
2018-04-09,7044.31982421875,7178.10986328125,6661.990234375,6770.72998046875,6770.72998046875,4894060032,
2018-04-10,6795.43994140625,6872.41015625,6704.14990234375,6834.759765625,6834.759765625,4272750080,
2018-04-11,6843.47021484375,6968.31982421875,6817.58984375,6968.31982421875,6968.31982421875,4641889792,
2018-04-12,6955.3798828125,7899.22998046875,6806.509765625,7889.25,7889.25,8906250240,
2018-04-13,7901.08984375,8183.9599609375,7758.93017578125,7895.9599609375,7895.9599609375,7764460032,
2018-04-14,7874.669921875,8140.7099609375,7846.0,7986.240234375,7986.240234375,5191430144,
2018-04-15,7999.330078125,8338.419921875,7999.330078125,8329.1103515625,8329.1103515625,5244480000,
2019-03-24,4035.16357421875,4040.69970703125,4006.19287109375,4022.168212890625,4022.168212890625,9144851065,
2019-03-25,4024.11279296875,4038.8408203125,3934.03125,3963.070556640625,3963.070556640625,10359818883,
2019-03-26,3969.228759765625,3985.080810546875,3944.753173828125,3985.080810546875,3985.080810546875,10707678815,
2019-03-27,3984.244873046875,4087.066162109375,3977.810546875,4087.066162109375,4087.066162109375,10897131934,
2019-03-28,4087.58447265625,4094.902099609375,4040.266357421875,4069.107177734375,4069.107177734375,9353915899,
2019-03-29,4068.2998046875,4113.5009765625,4034.09716796875,4098.37451171875,4098.37451171875,10918665557,
2019-03-30,4092.13623046875,4296.806640625,4053.90966796875,4106.66015625,4106.66015625,9732688060,
2019-03-31,4105.4560546875,4113.0234375,4094.100830078125,4105.404296875,4105.404296875,9045122443,
2019-04-01,4105.3623046875,4164.953125,4096.9013671875,4158.18310546875,4158.18310546875,10157794171,
2019-04-02,4156.91943359375,4905.95458984375,4155.31689453125,4879.8779296875,4879.8779296875,21315047816,
2019-04-03,4879.9580078125,5307.00341796875,4876.62109375,4973.02197265625,4973.02197265625,22899891582, SEC publishes framework for ICOs.
2019-04-04,4971.3076171875,5063.15966796875,4836.7939453125,4922.798828125,4922.798828125,18251810240,
2019-04-05,4922.80615234375,5053.509765625,4919.49169921875,5036.68115234375,5036.68115234375,16837325387,
2019-04-06,5036.79296875,5205.82177734375,4992.22216796875,5059.8173828125,5059.8173828125,16929795194,
2019-04-07,5062.7939453125,5235.1865234375,5050.412109375,5198.89697265625,5198.89697265625,16655416140,
2019-04-08,5199.83544921875,5318.83642578125,5148.2119140625,5289.77099609375,5289.77099609375,17154113634,
2019-04-09,5289.91796875,5289.91796875,5167.4189453125,5204.95849609375,5204.95849609375,14722104361,
2019-04-10,5204.10546875,5421.6513671875,5193.38232421875,5324.5517578125,5324.5517578125,15504590933,
2019-04-11,5325.08154296875,5354.2255859375,5017.29638671875,5064.48779296875,5064.48779296875,16555616019,
2019-04-12,5061.20068359375,5103.2744140625,4955.8525390625,5089.5390625,5089.5390625,13675206312,
2019-04-13,5088.85009765625,5127.1220703125,5061.58935546875,5096.58642578125,5096.58642578125,10823289598,
2019-04-29,5284.8583984375,5311.27490234375,5216.48779296875,5247.3525390625,5247.3525390625,13735490672,
2019-04-30,5247.72607421875,5363.25732421875,5224.18994140625,5350.7265625,5350.7265625,13878964574,
2019-05-01,5350.91455078125,5418.00390625,5347.64599609375,5402.697265625,5402.697265625,13679528236,
2019-05-02,5402.4228515625,5522.2626953125,5394.21728515625,5505.28369140625,5505.28369140625,14644460907,
2019-05-03,5505.55224609375,5865.8818359375,5490.20166015625,5768.28955078125,5768.28955078125,18720780006,
2019-05-04,5769.20263671875,5886.8935546875,5645.46923828125,5831.16748046875,5831.16748046875,17567780766,
2019-05-05,5831.068359375,5833.86279296875,5708.03515625,5795.70849609375,5795.70849609375,14808830723,
2019-05-06,5791.693359375,5802.95751953125,5653.6875,5746.80712890625,5746.80712890625,15737171804,
2019-05-07,5745.59912109375,5988.17822265625,5741.39599609375,5829.50146484375,5829.50146484375,18026409033,
2019-05-08,5849.4814453125,5989.98095703125,5794.7158203125,5982.45751953125,5982.45751953125,15320605300,
2019-05-09,5982.31640625,6183.0390625,5982.31640625,6174.52880859375,6174.52880859375,16784645411, IRS and FinCEN release cryptocurrency guidelines.
2019-05-10,6175.82275390625,6434.61767578125,6161.51904296875,6378.84912109375,6378.84912109375,19419875368,
2019-05-11,6379.6669921875,7333.0029296875,6375.69873046875,7204.771484375,7204.771484375,28867562329,
2019-05-12,7203.50732421875,7503.8720703125,6815.77099609375,6972.37158203125,6972.37158203125,27773333680,
2019-05-13,6971.17822265625,8047.4130859375,6898.2822265625,7814.9150390625,7814.9150390625,28677672181,
2019-05-14,7807.88427734375,8268.712890625,7696.39111328125,7994.416015625,7994.416015625,32031452227,
2019-05-15,7989.37451171875,8216.423828125,7899.10693359375,8205.16796875,8205.16796875,28344112920,
2019-05-16,8194.5009765625,8320.82421875,7729.6083984375,7884.9091796875,7884.9091796875,33167197581,
2019-05-17,7886.92578125,7929.1455078125,7038.12451171875,7343.8955078125,7343.8955078125,30066644905,
2019-05-18,7341.66455078125,7447.27197265625,7251.50439453125,7271.2080078125,7271.2080078125,21354286562,
2019-05-19,7267.962890625,8261.94140625,7267.962890625,8197.689453125,8197.689453125,25902422040,
2019-06-15,8689.74609375,8859.1279296875,8618.3955078125,8838.375,8838.375,18371033226,
2019-06-16,8841.4404296875,9335.8671875,8814.556640625,8994.48828125,8994.48828125,23348550311,
2019-06-17,8988.923828125,9416.4072265625,8988.923828125,9320.3525390625,9320.3525390625,15562951919,
2019-06-18,9335.466796875,9348.3740234375,9004.9013671875,9081.7626953125,9081.7626953125,15848210536,
2019-06-19,9078.7275390625,9299.62109375,9070.3955078125,9273.521484375,9273.521484375,15546809946,
2019-06-20,9273.060546875,9594.419921875,9232.484375,9527.16015625,9527.16015625,17846823784,
2019-06-21,9525.07421875,10144.556640625,9525.07421875,10144.556640625,10144.556640625,20624008643,
2019-06-22,10175.923828125,11157.345703125,10107.03515625,10701.69140625,10701.69140625,29995204861,
2019-06-23,10696.69140625,11246.14453125,10556.095703125,10855.37109375,10855.37109375,20998326502,
2019-06-24,10853.744140625,11065.896484375,10610.427734375,11011.1025390625,11011.1025390625,19271652365,
2019-06-25,11007.2021484375,11790.9169921875,11007.2021484375,11790.9169921875,11790.9169921875,24879684533,CFTC approves Ledger X
2019-06-26,11778.5810546875,13796.4892578125,11755.59765625,13016.2314453125,13016.2314453125,45105733173,
2019-06-27,13017.125,13311.14453125,10491.8525390625,11182.806640625,11182.806640625,39977475223,
2019-06-28,11162.16796875,12445.1748046875,10914.4951171875,12407.33203125,12407.33203125,35087757766,
2019-06-29,12400.763671875,12400.91015625,11508.37890625,11959.37109375,11959.37109375,29923961128,
2019-06-30,11931.9912109375,12178.3837890625,10799.0087890625,10817.1552734375,10817.1552734375,27256473494,
2019-07-01,10796.9306640625,11206.439453125,10089.314453125,10583.134765625,10583.134765625,29378589324,
2019-07-02,10588.68359375,10912.1884765625,9737.884765625,10801.677734375,10801.677734375,31015895223, SEC considers running Bitcoin nodes
2019-07-03,10818.15625,11968.078125,10818.15625,11961.26953125,11961.26953125,30796494294,
2019-07-04,11972.71875,12006.0751953125,11166.5693359375,11215.4375,11215.4375,25920294033,
2019-07-05,11203.1025390625,11395.6611328125,10874.96484375,10978.4599609375,10978.4599609375,23838480210,
2019-07-06,10982.5439453125,11620.96484375,10982.5439453125,11208.55078125,11208.55078125,21092024306,
2019-07-07,11217.6162109375,11541.6201171875,11148.8046875,11450.8466796875,11450.8466796875,19369044277,
2019-07-08,11446.5966796875,12345.8330078125,11393.3740234375,12285.9580078125,12285.9580078125,23482551458,
2019-07-09,12284.326171875,12779.1318359375,12233.26171875,12573.8125,12573.8125,28167921523,
2019-07-10,12571.537109375,13129.529296875,11710.978515625,12156.5126953125,12156.5126953125,33627574244,
2019-07-11,12139.7138671875,12144.623046875,11158.9228515625,11358.662109375,11358.662109375,28595327690,
2019-07-12,11354.2998046875,11905.4873046875,11179.14453125,11815.986328125,11815.986328125,23534692797,
2019-09-13,10415.3623046875,10441.4892578125,10226.5966796875,10360.546875,10360.546875,14109864675,
2019-09-14,10345.4033203125,10422.1337890625,10291.6943359375,10358.048828125,10358.048828125,13468713124,
2019-09-15,10356.4658203125,10387.03515625,10313.0927734375,10347.712890625,10347.712890625,12043433567,
2019-09-16,10347.22265625,10386.8671875,10189.744140625,10276.7939453125,10276.7939453125,15160167779,
2019-09-17,10281.513671875,10296.771484375,10199.7392578125,10241.2724609375,10241.2724609375,15304603363,
2019-09-18,10247.7958984375,10275.9287109375,10191.4697265625,10198.248046875,10198.248046875,16169268880,
2019-09-19,10200.49609375,10295.6689453125,9851.6923828125,10266.4150390625,10266.4150390625,19937691247,
2019-09-20,10266.318359375,10285.8720703125,10132.1865234375,10181.6416015625,10181.6416015625,14734189639,
2019-09-21,10183.6484375,10188.09765625,10000.7080078125,10019.716796875,10019.716796875,13425266806,
2019-09-22,10024.115234375,10074.4443359375,9922.533203125,10070.392578125,10070.392578125,13199651698,
2019-09-23,10067.962890625,10074.23828125,9727.1435546875,9729.32421875,9729.32421875,15144925408," ICE launches physically-backed Bitcoin futures platform, Bakkt."
2019-09-24,9729.3212890625,9804.3173828125,8370.8017578125,8620.56640625,8620.56640625,25002886689,
2019-09-25,8603.4287109375,8744.828125,8325.396484375,8486.9931640625,8486.9931640625,21744728353,
2019-09-26,8487.669921875,8515.685546875,7895.62939453125,8118.9677734375,8118.9677734375,19258205289,
2019-09-27,8113.10107421875,8271.5205078125,7965.9228515625,8251.845703125,8251.845703125,16408941156,
2019-09-28,8251.2734375,8285.6171875,8125.431640625,8245.9150390625,8245.9150390625,14141152736,
2019-09-29,8246.037109375,8261.70703125,7990.4970703125,8104.185546875,8104.185546875,13034629109,
2019-09-30,8104.2265625,8314.2314453125,7830.7587890625,8293.8681640625,8293.8681640625,17115474183,
2019-10-01,8299.720703125,8497.6923828125,8232.6796875,8343.2763671875,8343.2763671875,15305343413,
2019-10-02,8344.212890625,8393.0419921875,8227.6953125,8393.0419921875,8393.0419921875,13125712443,
2019-10-03,8390.7744140625,8414.2275390625,8146.43701171875,8259.9921875,8259.9921875,13668823409,
2019-10-04,8259.494140625,8260.0556640625,8151.23681640625,8205.939453125,8205.939453125,13139456229,
2019-10-05,8210.1494140625,8215.5263671875,8071.12060546875,8151.50048828125,8151.50048828125,12200497197,
2019-10-06,8149.876953125,8161.41015625,7958.8505859375,7988.15576171875,7988.15576171875,13160830305,
2019-10-07,7989.12060546875,8308.4501953125,7905.76611328125,8245.623046875,8245.623046875,18009742607,
2019-10-08,8246.849609375,8332.71484375,8185.76318359375,8228.783203125,8228.783203125,15592264032,
2019-10-09,8229.8408203125,8627.7060546875,8169.298828125,8595.740234375,8595.740234375,19384942333, SEC denies Bitwise's Bitcoin ETF proposal.
2019-10-10,8585.2802734375,8625.2724609375,8471.93359375,8586.4736328125,8586.4736328125,17618660671,
2019-10-11,8585.2626953125,8721.7802734375,8316.181640625,8321.7568359375,8321.7568359375,19604381101,
2019-10-12,8315.6650390625,8415.2421875,8313.3408203125,8336.5556640625,8336.5556640625,14532641605,
2019-10-13,8336.90234375,8470.98828125,8276.6123046875,8321.005859375,8321.005859375,13808286059,
2019-10-14,8320.83203125,8390.208984375,8284.130859375,8374.6865234375,8374.6865234375,15151387859,
2019-10-15,8373.4580078125,8410.71484375,8182.70654296875,8205.369140625,8205.369140625,15220412632,
2019-10-16,8204.6748046875,8216.8125,7985.08984375,8047.52685546875,8047.52685546875,16071646996,
2019-10-17,8047.8125,8134.83154296875,8000.94287109375,8103.9111328125,8103.9111328125,14313052244,
2019-10-18,8100.93359375,8138.41357421875,7902.1640625,7973.20751953125,7973.20751953125,15651592610,
2019-10-19,7973.8037109375,8082.62939453125,7944.77685546875,7988.560546875,7988.560546875,13797825640,
2019-11-09,8809.46875,8891.818359375,8793.1630859375,8813.58203125,8813.58203125,17578630606,
2019-11-10,8812.4892578125,9103.826171875,8806.162109375,9055.5263671875,9055.5263671875,20587919881,
2019-11-11,9056.91796875,9081.279296875,8700.6083984375,8757.7880859375,8757.7880859375,20265510765,
2019-11-12,8759.751953125,8853.7685546875,8685.427734375,8815.662109375,8815.662109375,20309769107,
2019-11-13,8812.033203125,8836.841796875,8761.6513671875,8808.2626953125,8808.2626953125,17545755405,
2019-11-14,8811.9365234375,8826.943359375,8692.5517578125,8708.0947265625,8708.0947265625,19084739975,
2019-11-15,8705.7080078125,8730.873046875,8484.84375,8491.9921875,8491.9921875,21796856471,
2019-11-16,8491.166015625,8591.9970703125,8473.9736328125,8550.7607421875,8550.7607421875,16495389808,
2019-11-17,8549.470703125,8727.7890625,8500.9677734375,8577.9755859375,8577.9755859375,18668638897,
2019-11-18,8573.98046875,8653.2802734375,8273.5732421875,8309.2861328125,8309.2861328125,21579470673,
2019-11-19,8305.134765625,8408.5166015625,8099.96337890625,8206.1455078125,8206.1455078125,21083613816, Fidelity licensed for Bitcoin in New York
2019-11-20,8203.61328125,8237.240234375,8010.51171875,8027.26806640625,8027.26806640625,20764300437,U.S. Federal Reserve explores digital dollar.
2019-11-21,8023.64453125,8110.09814453125,7597.3818359375,7642.75,7642.75,22514243371, SEC sues Kik
2019-11-22,7643.5693359375,7697.3828125,6936.70654296875,7296.57763671875,7296.57763671875,34242315785,
2019-11-23,7296.16455078125,7442.2587890625,7151.41796875,7397.796875,7397.796875,21008924418,
2019-11-24,7398.6337890625,7408.5771484375,7029.2890625,7047.9169921875,7047.9169921875,30433517289,
2019-11-25,7039.97705078125,7319.85693359375,6617.1669921875,7146.1337890625,7146.1337890625,42685231262,
2019-11-26,7145.1591796875,7320.23046875,7098.572265625,7218.37109375,7218.37109375,21129505542,
2019-11-27,7220.880859375,7619.693359375,6974.17431640625,7531.66357421875,7531.66357421875,23991412764,
2019-11-28,7536.8203125,7730.07275390625,7454.12158203125,7463.10595703125,7463.10595703125,19050116751,
2019-11-29,7466.72705078125,7781.1796875,7460.75634765625,7761.24365234375,7761.24365234375,19709695456,
2019-11-30,7764.05712890625,7836.10205078125,7515.849609375,7569.6298828125,7569.6298828125,17158194786,
2019-12-01,7571.6162109375,7571.6162109375,7291.341796875,7424.29248046875,7424.29248046875,18720708479,
2019-12-16,7153.6630859375,7171.1689453125,6903.6826171875,6932.48046875,6932.48046875,20213265950,
2019-12-17,6931.3154296875,6964.0751953125,6587.97412109375,6640.51513671875,6640.51513671875,22363804217,
2019-12-18,6647.6982421875,7324.98486328125,6540.04931640625,7276.802734375,7276.802734375,31836522778,
2019-12-19,7277.5908203125,7346.6025390625,7041.3818359375,7202.84423828125,7202.84423828125,25904604416,
2019-12-20,7208.63671875,7257.921875,7086.1240234375,7218.81640625,7218.81640625,22633815180,
2019-12-21,7220.59375,7223.22607421875,7112.73583984375,7191.15869140625,7191.15869140625,19312552168,
2019-12-22,7191.1884765625,7518.033203125,7167.17919921875,7511.5888671875,7511.5888671875,23134537956,
2019-12-23,7508.90234375,7656.17626953125,7326.1923828125,7355.62841796875,7355.62841796875,27831788041,
2019-12-24,7354.39306640625,7535.716796875,7269.52880859375,7322.5322265625,7322.5322265625,22991622105,
2019-12-25,7325.755859375,7357.02001953125,7220.9912109375,7275.15576171875,7275.15576171875,21559505149,
2019-12-26,7274.79931640625,7388.302734375,7200.38671875,7238.966796875,7238.966796875,22787010034, Russia tests stablecoins.
2019-12-27,7238.14111328125,7363.529296875,7189.93408203125,7290.08837890625,7290.08837890625,22777360996,
2019-12-28,7289.03125,7399.041015625,7286.9052734375,7317.990234375,7317.990234375,21365673026,
2019-12-29,7317.6474609375,7513.9482421875,7279.865234375,7422.65283203125,7422.65283203125,22445257702,
2019-12-30,7420.27294921875,7454.82421875,7276.30810546875,7292.9951171875,7292.9951171875,22874131672,
2019-12-31,7294.43896484375,7335.2900390625,7169.77783203125,7193.59912109375,7193.59912109375,21167946112,
2020-01-01,7194.89208984375,7254.33056640625,7174.9443359375,7200.17431640625,7200.17431640625,18565664997, EU's 5AMLD brings crypto exchanges under AML legislation.
2020-01-02,7202.55126953125,7212.1552734375,6935.27001953125,6985.47021484375,6985.47021484375,20802083465,
2020-01-03,6984.4287109375,7413.71533203125,6914.99609375,7344.88427734375,7344.88427734375,28111481032,
2020-01-04,7345.37548828125,7427.3857421875,7309.51416015625,7410.65673828125,7410.65673828125,18444271275,
2020-01-05,7410.45166015625,7544.4970703125,7400.53564453125,7411.3173828125,7411.3173828125,19725074095,
2020-01-06,7410.4521484375,7781.8671875,7409.29296875,7769.21923828125,7769.21923828125,23276261598,
2020-01-07,7768.68212890625,8178.2158203125,7768.2275390625,8163.6923828125,8163.6923828125,28767291327,
2020-01-08,8161.935546875,8396.73828125,7956.7744140625,8079.86279296875,8079.86279296875,31672559265,
2020-01-09,8082.2958984375,8082.2958984375,7842.40380859375,7879.0712890625,7879.0712890625,24045990466,
2020-01-10,7878.3076171875,8166.55419921875,7726.77490234375,8166.55419921875,8166.55419921875,28714583844,
2020-01-11,8162.19091796875,8218.359375,8029.64208984375,8037.53759765625,8037.53759765625,25521165085,
2020-03-02,8563.2646484375,8921.30859375,8532.630859375,8869.669921875,8869.669921875,42857674409,
2020-03-03,8865.3876953125,8901.5986328125,8704.990234375,8787.7861328125,8787.7861328125,42386715821,
2020-03-04,8788.5419921875,8843.3662109375,8712.431640625,8755.24609375,8755.24609375,34746706368,
2020-03-05,8760.28515625,9142.0546875,8757.25390625,9078.7626953125,9078.7626953125,39698054597,
2020-03-06,9078.30859375,9167.6953125,9032.0791015625,9122.5458984375,9122.5458984375,40826885651,
2020-03-07,9121.6005859375,9163.220703125,8890.744140625,8909.9541015625,8909.9541015625,36216930370,
2020-03-08,8908.2060546875,8914.34375,8105.2529296875,8108.1162109375,8108.1162109375,39973102121,
2020-03-09,8111.146484375,8177.79345703125,7690.09814453125,7923.64453125,7923.64453125,46936995808,
2020-03-10,7922.14697265625,8136.9453125,7814.76318359375,7909.7294921875,7909.7294921875,42213940994,
2020-03-11,7910.08984375,7950.814453125,7642.8125,7911.43017578125,7911.43017578125,38682762605,
2020-03-12,7913.6162109375,7929.1162109375,4860.35400390625,4970.7880859375,4970.7880859375,53980357243, The Bank of England releases a discussion paper on Central Bank Digital Currency.
2020-03-13,5017.8310546875,5838.11474609375,4106.98095703125,5563.70703125,5563.70703125,74156772075,
2020-03-14,5573.07763671875,5625.2265625,5125.0693359375,5200.3662109375,5200.3662109375,36154506008,
2020-03-15,5201.06689453125,5836.64501953125,5169.283203125,5392.31494140625,5392.31494140625,33997889639,
2020-03-16,5385.2294921875,5385.2294921875,4575.35791015625,5014.47998046875,5014.47998046875,45368026430,
2020-03-17,5002.578125,5371.3486328125,4981.9091796875,5225.62939453125,5225.62939453125,38622642935,
2020-03-18,5227.11376953125,5331.833984375,5069.3359375,5238.4384765625,5238.4384765625,37878801016,
2020-03-19,5245.41650390625,6329.73583984375,5236.96875,6191.19287109375,6191.19287109375,51000731797,
2020-03-20,6191.65380859375,6844.26171875,5865.78173828125,6198.7783203125,6198.7783203125,54442976103,
2020-03-21,6206.521484375,6378.13525390625,5932.8232421875,6185.06640625,6185.06640625,42494390880,
2020-03-22,6185.55810546875,6359.697265625,5823.7138671875,5830.2548828125,5830.2548828125,40099664740,
2020-06-30,9185.5810546875,9217.8359375,9084.837890625,9137.9931640625,9137.9931640625,15735797744,
2020-07-01,9145.9853515625,9309.7548828125,9104.7353515625,9228.3251953125,9228.3251953125,15971550355,
2020-07-02,9231.1396484375,9274.962890625,9036.623046875,9123.41015625,9123.41015625,16338916796,
2020-07-03,9124.8427734375,9202.3447265625,9058.794921875,9087.3037109375,9087.3037109375,13078970999,
2020-07-04,9084.2333984375,9183.2958984375,9053.6298828125,9132.48828125,9132.48828125,12290528515,
2020-07-05,9126.0908203125,9162.18359375,8977.015625,9073.9423828125,9073.9423828125,12903406143,
2020-07-06,9072.849609375,9375.474609375,9058.6640625,9375.474609375,9375.474609375,17889263252,
2020-07-07,9349.1611328125,9360.6171875,9201.8154296875,9252.27734375,9252.27734375,13839652595,
2020-07-08,9253.0205078125,9450.3359375,9249.5,9428.3330078125,9428.3330078125,19702359883,
2020-07-09,9427.994140625,9431.37890625,9234.9990234375,9277.9677734375,9277.9677734375,18000702524,
2020-07-10,9273.357421875,9287.4716796875,9118.001953125,9278.8076171875,9278.8076171875,16860035605, EU's 6AMLD is implemented.
2020-07-11,9277.51171875,9293.5322265625,9199.4853515625,9240.3466796875,9240.3466796875,13249910444,
2020-07-12,9241.0546875,9319.4189453125,9197.4501953125,9276.5,9276.5,14452361907,
2020-07-13,9277.205078125,9306.4052734375,9224.29296875,9243.6142578125,9243.6142578125,17519821266,
2020-07-14,9238.703125,9283.841796875,9171.6611328125,9243.2138671875,9243.2138671875,18085038362,
2020-07-15,9241.8974609375,9275.3251953125,9171.93359375,9192.8369140625,9192.8369140625,15844731575,
2020-07-16,9191.98046875,9214.3125,9088.947265625,9132.2275390625,9132.2275390625,15713967523,
2020-07-17,9131.8125,9182.25390625,9089.2021484375,9151.392578125,9151.392578125,13944570749,
2020-07-18,9151.18359375,9230.9833984375,9100.82421875,9159.0400390625,9159.0400390625,12252601475,
2020-07-19,9158.005859375,9201.3984375,9097.6328125,9185.8173828125,9185.8173828125,12939002784,
2020-07-20,9187.220703125,9214.2705078125,9137.509765625,9164.2314453125,9164.2314453125,13755604146,
2020-10-02,10619.8212890625,10657.837890625,10416.689453125,10575.974609375,10575.974609375,48661453918,
2020-10-03,10575.1005859375,10598.9404296875,10511.1298828125,10549.3291015625,10549.3291015625,44660271563,
2020-10-04,10550.4404296875,10686.0,10534.3916015625,10669.5830078125,10669.5830078125,71251776995,
2020-10-05,10676.529296875,10793.5078125,10634.6005859375,10793.33984375,10793.33984375,47537578009,
2020-10-06,10796.306640625,10797.578125,10528.890625,10604.40625,10604.40625,42623695307,
2020-10-07,10603.35546875,10680.5078125,10562.5068359375,10668.96875,10668.96875,37799458436,
2020-10-08,10669.37109375,10945.7373046875,10562.6064453125,10915.685546875,10915.685546875,63314794397,
2020-10-09,10927.9130859375,11102.671875,10846.8505859375,11064.4580078125,11064.4580078125,22799117613,
2020-10-10,11059.142578125,11442.2109375,11056.9404296875,11296.361328125,11296.361328125,22877978588,
2020-10-11,11296.08203125,11428.8134765625,11288.6279296875,11384.181640625,11384.181640625,19968627060,
2020-10-12,11392.6357421875,11698.4677734375,11240.6865234375,11555.36328125,11555.36328125,26163972642, The European Central Bank (ECB) accelerates work on a digital euro.
2020-10-13,11548.7197265625,11548.984375,11321.224609375,11425.8994140625,11425.8994140625,24241420251,
2020-10-14,11429.0478515625,11539.9775390625,11307.8310546875,11429.5068359375,11429.5068359375,24103426719,
2020-10-15,11426.6025390625,11569.9140625,11303.603515625,11495.349609375,11495.349609375,24487233058,
2020-10-16,11502.828125,11540.0615234375,11223.0126953125,11322.123046875,11322.123046875,25635480772,
2020-10-17,11322.123046875,11386.26171875,11285.345703125,11358.1015625,11358.1015625,19130430174,
2020-10-18,11355.982421875,11483.359375,11347.578125,11483.359375,11483.359375,18283314340,
2020-10-19,11495.0380859375,11799.0927734375,11408.2900390625,11742.037109375,11742.037109375,23860769928,
2020-10-20,11745.974609375,11999.91796875,11681.48046875,11916.3349609375,11916.3349609375,30915821592,
2020-10-21,11913.0771484375,13184.56640625,11900.9287109375,12823.689453125,12823.689453125,43414712626,
2020-10-22,12801.6357421875,13161.59375,12717.09375,12965.8916015625,12965.8916015625,34729759598,
2021-04-09,58326.5625,58937.046875,57807.86328125,58245.00390625,58245.00390625,46655208546,
2021-04-10,58253.77734375,61276.6640625,58038.70703125,59793.234375,59793.234375,58238470525,
2021-04-11,59846.23046875,60790.5546875,59289.796875,60204.96484375,60204.96484375,46280252580,
2021-04-12,60175.9453125,61253.03515625,59589.875,59893.453125,59893.453125,51828688519,
2021-04-13,59890.01953125,63742.28515625,59869.95703125,63503.45703125,63503.45703125,69983454362,
2021-04-14,63523.75390625,64863.09765625,61554.796875,63109.6953125,63109.6953125,77451779687,
2021-04-15,63075.1953125,63821.671875,62208.96484375,63314.01171875,63314.01171875,60954381579,
2021-04-16,63258.50390625,63594.72265625,60222.53125,61572.7890625,61572.7890625,84293007468,
2021-04-17,61529.921875,62572.17578125,60361.3515625,60683.8203125,60683.8203125,66138759198,
2021-04-18,60701.88671875,61057.45703125,52829.53515625,56216.18359375,56216.18359375,97468872758,
2021-04-19,56191.5859375,57520.0546875,54368.59375,55724.265625,55724.265625,65344865159, UK explores digital currency
2021-04-20,55681.79296875,57062.1484375,53448.046875,56473.03125,56473.03125,67849323955,
2021-04-21,56471.12890625,56757.97265625,53695.46875,53906.08984375,53906.08984375,54926612466,
2021-04-22,53857.10546875,55410.23046875,50583.8125,51762.2734375,51762.2734375,74798630778,
2021-04-23,51739.80859375,52120.79296875,47714.6640625,51093.65234375,51093.65234375,86668667320,
2021-04-24,51143.2265625,51167.5625,48805.28515625,50050.8671875,50050.8671875,49014494781,
2021-04-25,50052.83203125,50506.01953125,47159.484375,49004.25390625,49004.25390625,46117114240,
2021-04-26,49077.79296875,54288.00390625,48852.796875,54021.75390625,54021.75390625,58284039825,
2021-04-27,54030.3046875,55416.96484375,53319.1875,55033.1171875,55033.1171875,49448222757,
2021-04-28,55036.63671875,56227.20703125,53887.91796875,54824.703125,54824.703125,48000572955,
2021-04-29,54858.08984375,55115.84375,52418.02734375,53555.109375,53555.109375,46088929780,
2021-08-17,45936.45703125,47139.5703125,44512.41796875,44695.359375,44695.359375,33451362600,
2021-08-18,44686.75,45952.0625,44364.02734375,44801.1875,44801.1875,32194123075,
2021-08-19,44741.8828125,46970.76171875,43998.31640625,46717.578125,46717.578125,37204312299,
2021-08-20,46723.12109375,49342.15234375,46650.70703125,49339.17578125,49339.17578125,34706867452,
2021-08-21,49327.07421875,49717.01953125,48312.19921875,48905.4921875,48905.4921875,40585205312,
2021-08-22,48869.10546875,49471.609375,48199.94140625,49321.65234375,49321.65234375,25370975378,
2021-08-23,49291.67578125,50482.078125,49074.60546875,49546.1484375,49546.1484375,34305053719,
2021-08-24,49562.34765625,49878.76953125,47687.1171875,47706.1171875,47706.1171875,35361168834,
2021-08-25,47727.2578125,49202.87890625,47163.61328125,48960.7890625,48960.7890625,32646349931,
2021-08-26,49002.640625,49347.58203125,46405.78125,46942.21875,46942.21875,32666549568,
2021-08-27,46894.5546875,49112.78515625,46394.28125,49058.66796875,49058.66796875,34511076995,U.S. Federal Reserve issues fintech guidelines.
2021-08-28,49072.5859375,49283.50390625,48499.23828125,48902.40234375,48902.40234375,28568103401,
2021-08-29,48911.25,49644.11328125,47925.85546875,48829.83203125,48829.83203125,25889650240,
2021-08-30,48834.8515625,48925.60546875,46950.2734375,47054.984375,47054.984375,31847007016,
2021-08-31,47024.33984375,48189.55078125,46750.09375,47166.6875,47166.6875,34730363427,
2021-09-01,47099.7734375,49111.08984375,46562.4375,48847.02734375,48847.02734375,39139399125,
2021-09-02,48807.84765625,50343.421875,48652.3203125,49327.72265625,49327.72265625,39508070319,
2021-09-03,49288.25,50982.2734375,48386.0859375,50025.375,50025.375,43206179619,
2021-09-04,50009.32421875,50545.58203125,49548.78125,49944.625,49944.625,37471327794,
2021-09-05,49937.859375,51868.6796875,49538.59765625,51753.41015625,51753.41015625,30322676319,
2021-09-06,51769.00390625,52700.94140625,51053.6796875,52633.53515625,52633.53515625,38884105426,
2021-09-07,52660.48046875,52853.765625,43285.20703125,46811.12890625,46811.12890625,65210059683,El Salvador adopts Bitcoin.
2021-09-08,46827.76171875,47334.0546875,44561.39453125,46091.390625,46091.390625,49007762488,
2021-09-09,45774.7421875,47261.94921875,45669.73828125,46391.421875,46391.421875,38672657013,Ukraine parliament recognizes crypto
2021-09-10,46396.6640625,47031.7421875,44344.484375,44883.91015625,44883.91015625,39154666597,
2021-09-11,44869.83984375,45969.29296875,44818.265625,45201.45703125,45201.45703125,34499835245,
2021-09-12,45206.62890625,46364.87890625,44790.4609375,46063.26953125,46063.26953125,27881980161,
2021-09-13,46057.21484375,46598.6796875,43591.3203125,44963.07421875,44963.07421875,40969943253,
2021-09-14,44960.05078125,47218.125,44752.33203125,47092.4921875,47092.4921875,38652152880,
2021-09-15,47098.0,48450.46875,46773.328125,48176.34765625,48176.34765625,30484496466,
2021-09-16,48158.90625,48486.828125,47079.55859375,47783.359375,47783.359375,31764293754,
2021-09-17,47771.00390625,48160.921875,46832.5234375,47267.51953125,47267.51953125,28727713711,
2021-09-18,47273.52734375,48791.78125,47087.28515625,48278.36328125,48278.36328125,28575630451,
2021-09-19,48268.85546875,48328.3671875,46919.8046875,47260.21875,47260.21875,26967722648,
2021-09-20,47261.40625,47328.19921875,42598.9140625,42843.80078125,42843.80078125,43909845642,
2021-09-21,43012.234375,43607.609375,39787.609375,40693.67578125,40693.67578125,48701090088,
2021-09-22,40677.953125,43978.62109375,40625.6328125,43574.5078125,43574.5078125,38139709246,
2021-09-23,43560.296875,44942.17578125,43109.33984375,44895.09765625,44895.09765625,34244064430,
2021-09-24,44894.30078125,45080.4921875,40936.55859375,42839.75,42839.75,42839345714, China bans crypto transactions
2021-09-25,42840.890625,42996.2578125,41759.921875,42716.59375,42716.59375,31604717236,
2021-09-26,42721.62890625,43919.30078125,40848.4609375,43208.5390625,43208.5390625,30661222077,
2021-09-27,43234.18359375,44313.24609375,42190.6328125,42235.73046875,42235.73046875,30980029059,
2021-09-28,42200.8984375,42775.14453125,40931.6640625,41034.54296875,41034.54296875,30214940550,
2021-09-29,41064.984375,42545.2578125,40829.66796875,41564.36328125,41564.36328125,30602359905,
2021-09-30,41551.26953125,44092.6015625,41444.58203125,43790.89453125,43790.89453125,31141681925,
2021-10-01,43816.7421875,48436.01171875,43320.0234375,48116.94140625,48116.94140625,42850641582,
2021-10-02,48137.46875,48282.0625,47465.49609375,47711.48828125,47711.48828125,30614346492,
2021-10-03,47680.02734375,49130.69140625,47157.2890625,48199.953125,48199.953125,26638115879,
2021-10-04,48208.90625,49456.77734375,47045.00390625,49112.90234375,49112.90234375,33383173002,
2022-06-21,20594.294921875,21620.62890625,20415.0625,20710.59765625,20710.59765625,28970212744,
2022-06-22,20719.4140625,20835.75,19848.078125,19987.029296875,19987.029296875,28574793478,
2022-06-23,19986.607421875,21135.76171875,19950.1171875,21085.876953125,21085.876953125,26188097173,
2022-06-24,21084.6484375,21472.91796875,20777.51171875,21231.65625,21231.65625,24957784918,
2022-06-25,21233.609375,21520.9140625,20964.5859375,21502.337890625,21502.337890625,18372538715,
2022-06-26,21496.494140625,21783.724609375,21016.26953125,21027.294921875,21027.294921875,18027170497,
2022-06-27,21028.23828125,21478.08984375,20620.19921875,20735.478515625,20735.478515625,20965695707,
2022-06-28,20731.544921875,21164.423828125,20228.8125,20280.634765625,20280.634765625,21381535161,
2022-06-29,20281.169921875,20364.15625,19937.791015625,20104.0234375,20104.0234375,23552740328,
2022-06-30,20108.3125,20141.16015625,18729.65625,19784.7265625,19784.7265625,26267239923,
2022-07-01,19820.470703125,20632.671875,19073.708984375,19269.3671875,19269.3671875,30767551159, EU considers stricter crypto regulations.
2022-07-02,19274.8359375,19371.748046875,19027.08203125,19242.255859375,19242.255859375,18100418740,
2022-07-03,19242.095703125,19558.26953125,18966.951171875,19297.076171875,19297.076171875,16390821947,
2022-07-04,19297.314453125,20258.748046875,19063.06640625,20231.26171875,20231.26171875,21594638208,
2022-07-05,20225.353515625,20635.466796875,19341.232421875,20190.115234375,20190.115234375,26715546990,
2022-07-06,20194.619140625,20595.529296875,19823.51171875,20548.24609375,20548.24609375,24598943708,
2022-07-07,20547.814453125,21771.81640625,20296.103515625,21637.587890625,21637.587890625,25814972520,
2022-07-08,21637.154296875,22314.94140625,21257.453125,21731.1171875,21731.1171875,49899834488,
2022-07-09,21716.828125,21877.138671875,21445.95703125,21592.20703125,21592.20703125,29641127858,
2022-07-10,21591.080078125,21591.080078125,20727.123046875,20860.44921875,20860.44921875,28688807249,
2022-07-11,20856.353515625,20856.353515625,19924.5390625,19970.556640625,19970.556640625,24150249025,
2022-11-21,16291.2236328125,16291.2236328125,15599.046875,15787.2841796875,15787.2841796875,37429485518,
2022-11-22,15782.30078125,16253.0478515625,15656.6064453125,16189.76953125,16189.76953125,30726828760,
2022-11-23,16195.5888671875,16638.193359375,16170.5029296875,16610.70703125,16610.70703125,32958875628,
2022-11-24,16611.63671875,16771.474609375,16501.767578125,16604.46484375,16604.46484375,26129037414,
2022-11-25,16602.26953125,16603.31640625,16388.404296875,16521.841796875,16521.841796875,18678255976,
2022-11-26,16521.576171875,16666.86328125,16416.228515625,16464.28125,16464.28125,18000008764,
2022-11-27,16463.8828125,16594.40625,16437.025390625,16444.626953125,16444.626953125,20443898509,
2022-11-28,16440.22265625,16482.93359375,16054.5302734375,16217.322265625,16217.322265625,27743025156,
2022-11-29,16217.6396484375,16522.2578125,16139.396484375,16444.982421875,16444.982421875,23581685468,
2022-11-30,16445.4765625,17190.9375,16445.4765625,17168.56640625,17168.56640625,29523576583,
2022-12-01,17168.001953125,17197.498046875,16888.388671875,16967.1328125,16967.1328125,22895392882, Gary Gensler requests increased crypto regulation.
2022-12-02,16968.68359375,17088.66015625,16877.880859375,17088.66015625,17088.66015625,19539705127,
2022-12-03,17090.09765625,17116.041015625,16888.140625,16908.236328125,16908.236328125,16217776704,
2022-12-04,16908.169921875,17157.767578125,16903.439453125,17130.486328125,17130.486328125,16824520830,
2022-12-05,17128.89453125,17378.15234375,16922.431640625,16974.826171875,16974.826171875,22209086834,
2022-12-06,16975.23828125,17091.86328125,16939.921875,17089.50390625,17089.50390625,19889922369,
2022-12-07,17089.505859375,17109.376953125,16750.55859375,16848.126953125,16848.126953125,19675404389,
2022-12-08,16847.349609375,17267.916015625,16788.783203125,17233.474609375,17233.474609375,20496603770,
2022-12-09,17232.1484375,17280.546875,17100.8359375,17133.15234375,17133.15234375,20328426366,
2022-12-10,17134.220703125,17216.826171875,17120.68359375,17128.724609375,17128.724609375,12706781969,
2022-12-11,17129.7109375,17245.634765625,17091.8203125,17104.193359375,17104.193359375,14122486832,
2023-01-14,19910.537109375,21075.142578125,19907.828125,20976.298828125,20976.298828125,38967784639,
2023-01-15,20977.484375,20993.748046875,20606.986328125,20880.798828125,20880.798828125,19298407543,
2023-01-16,20882.224609375,21360.875,20715.74609375,21169.6328125,21169.6328125,26792494050,
2023-01-17,21175.833984375,21438.66015625,20978.533203125,21161.51953125,21161.51953125,24999983362,
2023-01-18,21161.05078125,21564.501953125,20541.544921875,20688.78125,20688.78125,30005625418,
2023-01-19,20686.74609375,21163.01171875,20685.380859375,21086.79296875,21086.79296875,21152848261,
2023-01-20,21085.373046875,22692.357421875,20919.126953125,22676.552734375,22676.552734375,28799154319,
2023-01-21,22677.427734375,23282.34765625,22511.833984375,22777.625,22777.625,32442278429,
2023-01-22,22777.986328125,23056.73046875,22387.900390625,22720.416015625,22720.416015625,24746386230,
2023-01-23,22721.087890625,23126.486328125,22654.3046875,22934.431640625,22934.431640625,26518700512,
2023-01-24,22929.626953125,23134.01171875,22549.744140625,22636.46875,22636.46875,26405069715, U.S. Senate Banking Committee discusses digital dollar.
2023-01-25,22639.267578125,23722.099609375,22406.076171875,23117.859375,23117.859375,30685366709,
2023-01-26,23108.955078125,23237.078125,22911.373046875,23032.77734375,23032.77734375,26357839322,
2023-01-27,23030.716796875,23417.720703125,22654.59375,23078.728515625,23078.728515625,25383335641,
2023-01-28,23079.96484375,23165.896484375,22908.845703125,23031.08984375,23031.08984375,14712928379,
2023-01-29,23031.44921875,23919.890625,22985.0703125,23774.56640625,23774.56640625,27423687259,
2023-01-30,23774.6484375,23789.34765625,22657.58203125,22840.138671875,22840.138671875,27205595568,
2023-01-31,22840.796875,23225.021484375,22765.568359375,23139.283203125,23139.283203125,22837828665,
2023-02-01,23137.8359375,23764.5390625,22877.75,23723.76953125,23723.76953125,26683255504,
2023-02-02,23720.82421875,24167.2109375,23468.595703125,23471.87109375,23471.87109375,32066936882,
2023-02-03,23469.412109375,23678.103515625,23279.955078125,23449.322265625,23449.322265625,27083066007,
2023-09-08,26245.208984375,26414.005859375,25677.48046875,25905.654296875,25905.654296875,10817356400,
2023-09-09,25905.42578125,25921.9765625,25810.494140625,25895.677734375,25895.677734375,5481314132,
2023-09-10,25895.2109375,25978.130859375,25640.26171875,25832.2265625,25832.2265625,7899553047,
2023-09-11,25831.71484375,25883.947265625,24930.296875,25162.654296875,25162.654296875,14600006467,
2023-09-12,25160.658203125,26451.939453125,25133.078125,25833.34375,25833.34375,18657279324,
2023-09-13,25837.5546875,26376.11328125,25781.123046875,26228.32421875,26228.32421875,13072077070,
2023-09-14,26228.27734375,26774.623046875,26171.451171875,26539.673828125,26539.673828125,13811359124,
2023-09-15,26533.818359375,26840.498046875,26240.701171875,26608.693359375,26608.693359375,11479735788,
2023-09-16,26606.19921875,26754.76953125,26473.890625,26568.28125,26568.28125,7402031417,
2023-09-17,26567.927734375,26617.998046875,26445.07421875,26534.1875,26534.1875,6774210670,
2023-09-18,26532.994140625,27414.734375,26415.515625,26754.28125,26754.28125,15615339655, South Korea emphasizes OTC regulations after illegal deals.
2023-09-19,26760.8515625,27488.763671875,26681.60546875,27211.1171875,27211.1171875,13807690550,
2023-09-20,27210.228515625,27379.505859375,26864.08203125,27132.0078125,27132.0078125,13281116604,
2023-09-21,27129.83984375,27152.939453125,26389.30078125,26567.6328125,26567.6328125,13371443708,
2023-09-22,26564.056640625,26726.078125,26495.533203125,26579.568359375,26579.568359375,10578746709,
2023-09-23,26578.556640625,26634.185546875,26520.51953125,26579.390625,26579.390625,7404700301,
2023-09-24,26579.373046875,26716.05859375,26221.05078125,26256.826171875,26256.826171875,8192867686,
2023-09-25,26253.775390625,26421.5078125,26011.46875,26298.48046875,26298.48046875,11997833257,
2023-09-26,26294.7578125,26389.884765625,26090.712890625,26217.25,26217.25,9985498161,
2023-09-27,26209.498046875,26817.841796875,26111.46484375,26352.716796875,26352.716796875,11718380997,
2023-09-28,26355.8125,27259.5,26327.322265625,27021.546875,27021.546875,14079002707,